S.No.,State Code,State Name (In English),District Code,District Version,District Name (In English),District Name(In Local),Census 2001 Code,Census 2011 Code
1,35,ANDAMAN AND NICOBAR ISLANDS,603,1,NICOBARS,NICOBARS,02,638
2,35,ANDAMAN AND NICOBAR ISLANDS,632,1,NORTH AND MIDDLE ANDAMAN,NORTH AND MIDDLE ANDAMAN,,639
3,35,ANDAMAN AND NICOBAR ISLANDS,602,1,SOUTH ANDAMANS,SOUTH ANDAMANS,01,640
4,28,ANDHRA PRADESH,502,1,ANANTAPUR,ANANTAPUR,22,553
5,28,ANDHRA PRADESH,503,1,CHITTOOR,CHITTOOR,23,554
6,28,ANDHRA PRADESH,505,1,EAST GODAVARI,EAST GODAVARI,14,545
7,28,ANDHRA PRADESH,506,1,GUNTUR,GUNTUR,17,548
8,28,ANDHRA PRADESH,510,1,KRISHNA,KRISHNA,16,547
9,28,ANDHRA PRADESH,511,1,KURNOOL,KURNOOL,21,552
10,28,ANDHRA PRADESH,517,1,PRAKASAM,PRAKASAM,18,549
11,28,ANDHRA PRADESH,515,1,SPSR NELLORE,SPSR NELLORE,19,550
12,28,ANDHRA PRADESH,519,1,SRIKAKULAM,SRIKAKULAM,11,542
13,28,ANDHRA PRADESH,520,1,VISAKHAPATANAM,VISAKHAPATANAM,13,544
14,28,ANDHRA PRADESH,521,1,VIZIANAGARAM,VIZIANAGARAM,12,543
15,28,ANDHRA PRADESH,523,1,WEST GODAVARI,పశ్చిమగోదావరి,15,546
16,28,ANDHRA PRADESH,504,1,Y.S.R.,,20,551
17,12,ARUNACHAL PRADESH,628,1,ANJAW,,,260
18,12,ARUNACHAL PRADESH,229,1,CHANGLANG,CHANGLANG,12,253
19,12,ARUNACHAL PRADESH,230,1,DIBANG VALLEY,DIBANG VALLEY,10,257
20,12,ARUNACHAL PRADESH,231,3,EAST KAMENG,EAST KAMENG,03,247
21,12,ARUNACHAL PRADESH,232,3,EAST SIANG,EAST SIANG,08,251
22,12,ARUNACHAL PRADESH,718,1,KAMLE,KAMLE,,000
23,12,ARUNACHAL PRADESH,677,2,KRA  DAADI,KRA DAADI,,000
24,12,ARUNACHAL PRADESH,233,2,KURUNG KUMEY,KURUNG KUMEY,14,256
25,12,ARUNACHAL PRADESH,724,1,LEPARADA,LEPARADA,,000
26,12,ARUNACHAL PRADESH,234,2,LOHIT,LOHIT,11,259
27,12,ARUNACHAL PRADESH,666,1,LONGDING,LONGDING,,000
28,12,ARUNACHAL PRADESH,235,1,LOWER DIBANG VALLEY,LOWER DIBANG VALLEY,15,258
29,12,ARUNACHAL PRADESH,719,2,LOWER SIANG,LOWER SIANG,,000
30,12,ARUNACHAL PRADESH,236,2,LOWER SUBANSIRI,LOWER SUBANSIRI,05,255
31,12,ARUNACHAL PRADESH,678,1,NAMSAI,,,000
32,12,ARUNACHAL PRADESH,723,2,PAKKE KESSANG,PAKKE KESSANG,,000
33,12,ARUNACHAL PRADESH,237,1,PAPUM PARE,PAPUM PARE,04,248
34,12,ARUNACHAL PRADESH,725,1,SHI YOMI,SHI YOMI,,000
35,12,ARUNACHAL PRADESH,679,1,SIANG,,,000
36,12,ARUNACHAL PRADESH,238,1,TAWANG,TAWANG,01,245
37,12,ARUNACHAL PRADESH,239,2,TIRAP,TIRAP,13,254
38,12,ARUNACHAL PRADESH,240,1,UPPER SIANG,UPPER SIANG,09,252
39,12,ARUNACHAL PRADESH,241,2,UPPER SUBANSIRI,UPPER SUBANSIRI,06,249
40,12,ARUNACHAL PRADESH,242,1,WEST KAMENG,WEST KAMENG,02,246
41,12,ARUNACHAL PRADESH,243,4,WEST SIANG,WEST SIANG,07,250
42,18,ASSAM,616,4,BAKSA,,,324
43,18,ASSAM,280,2,BARPETA,BARPETA,05,303
44,18,ASSAM,705,7,Biswanath,,,000
45,18,ASSAM,281,2,BONGAIGAON,BONGAIGAON,04,319
46,18,ASSAM,282,1,CACHAR,CACHAR,21,316
47,18,ASSAM,708,1,CHARAIDEO,,,000
48,18,ASSAM,612,2,CHIRANG,,,320
49,18,ASSAM,283,5,DARRANG,DARRANG,08,325
50,18,ASSAM,284,1,DHEMAJI,DHEMAJI,13,308
51,18,ASSAM,285,9,DHUBRI,DHUBURI,02,301
52,18,ASSAM,286,1,DIBRUGARH,DIBRUGARH,15,310
53,18,ASSAM,299,2,DIMA HASAO,DIMA HASAO,20,315
54,18,ASSAM,287,1,GOALPARA,GOALPARA,03,302
55,18,ASSAM,288,1,GOLAGHAT,GOLAGHAT,18,313
56,18,ASSAM,289,1,HAILAKANDI,HAILAKANDI,23,318
57,18,ASSAM,709,2,HOJAI,,,000
58,18,ASSAM,290,2,JORHAT,JORHAT,17,312
59,18,ASSAM,291,2,KAMRUP,KAMRUP,06,321
60,18,ASSAM,618,2,KAMRUP METRO,KAMRUP MOHANAGAR,,322
61,18,ASSAM,292,2,KARBI ANGLONG,KARBI ANGLONG,19,314
62,18,ASSAM,293,1,KARIMGANJ,KARIMGANJ,22,317
63,18,ASSAM,294,1,KOKRAJHAR,KOKRAJHAR,01,300
64,18,ASSAM,295,1,LAKHIMPUR,LAKHIMPUR,12,307
65,18,ASSAM,706,1,MAJULI,,,000
66,18,ASSAM,296,1,MARIGAON,MARIGAON,09,304
67,18,ASSAM,297,3,NAGAON,NAGAON,10,305
68,18,ASSAM,298,2,NALBARI,NALBARI,07,323
69,18,ASSAM,300,2,SIVASAGAR,SIVASAGAR,16,311
70,18,ASSAM,301,8,SONITPUR,SONITPUR,11,306
71,18,ASSAM,707,8,SOUTH SALMARA MANCACHAR,,,000
72,18,ASSAM,302,1,TINSUKIA,TINSUKIA,14,309
73,18,ASSAM,617,4,UDALGURI,,,326
74,18,ASSAM,710,1,WEST KARBI ANGLONG,,,000
75,10,BIHAR,188,1,ARARIA,अररिया,07,209
76,10,BIHAR,611,2,ARWAL,अरवल,33,240
77,10,BIHAR,189,2,AURANGABAD,औरंगाबाद,34,235
78,10,BIHAR,190,1,BANKA,बांका,23,225
79,10,BIHAR,191,1,BEGUSARAI,बेगूसराय,20,222
80,10,BIHAR,192,2,BHAGALPUR,भागलपुर,22,224
81,10,BIHAR,193,2,BHOJPUR,भोजपुर,29,231
82,10,BIHAR,194,1,BUXAR,बक्सर,30,232
83,10,BIHAR,195,2,DARBHANGA,दरभंगा,13,215
84,10,BIHAR,196,1,GAYA,गया,35,236
85,10,BIHAR,197,1,GOPALGANJ,गोपालगंज,15,217
86,10,BIHAR,198,1,JAMUI,जमुई,37,238
87,10,BIHAR,199,1,JEHANABAD,जहानाबाद,33,239
88,10,BIHAR,200,1,KAIMUR (BHABUA),कैमूर ( भभुआ ),31,233
89,10,BIHAR,201,1,KATIHAR,कटिहार,10,212
90,10,BIHAR,202,1,KHAGARIA,खगड़िया,21,223
91,10,BIHAR,203,1,KISHANGANJ,किशनगंज,08,210
92,10,BIHAR,204,1,LAKHISARAI,लखीसराय,25,227
93,10,BIHAR,205,1,MADHEPURA,मधेपुरा,11,213
94,10,BIHAR,206,1,MADHUBANI,मधुबनी,05,207
95,10,BIHAR,207,1,MUNGER,मुंगेर,24,226
96,10,BIHAR,208,1,MUZAFFARPUR,मुजफ्फरपुर,14,216
97,10,BIHAR,209,1,NALANDA,नालंदा,27,229
98,10,BIHAR,210,1,NAWADA,नवादा,36,237
99,10,BIHAR,211,1,PASHCHIM CHAMPARAN,पश्चिम चम्पारण,01,203
100,10,BIHAR,212,1,PATNA,पटना,28,230
101,10,BIHAR,213,1,PURBI CHAMPARAN,पूर्वी चंपारण,02,204
102,10,BIHAR,214,1,PURNIA,पूर्णिया,09,211
103,10,BIHAR,215,1,ROHTAS,रोहतास,32,234
104,10,BIHAR,216,1,SAHARSA,सहरसा,12,214
105,10,BIHAR,217,1,SAMASTIPUR,समस्तीपुर,19,221
106,10,BIHAR,218,1,SARAN,सारण,17,219
107,10,BIHAR,219,1,SHEIKHPURA,शेखपुरा,26,228
108,10,BIHAR,220,1,SHEOHAR,शिवहर,03,205
109,10,BIHAR,221,1,SITAMARHI,सीतामढी,04,206
110,10,BIHAR,222,1,SIWAN,सिवान,16,218
111,10,BIHAR,223,1,SUPAUL,सुपौल,06,208
112,10,BIHAR,224,2,VAISHALI,वैशाली,18,220
113,4,CHANDIGARH,44,1,CHANDIGARH,CHANDIGARH,01,055
114,22,CHHATTISGARH,646,1,BALOD,बालोद,,000
115,22,CHHATTISGARH,644,1,BALODA BAZAR,बलोदा बाज़ार,,000
116,22,CHHATTISGARH,649,1,BALRAMPUR,बलरामपुर,,000
117,22,CHHATTISGARH,374,1,BASTAR,बस्तर,15,414
118,22,CHHATTISGARH,650,1,BEMETARA,बेमेतरा,,000
119,22,CHHATTISGARH,636,1,BIJAPUR,बीजापुर,16,417
120,22,CHHATTISGARH,375,1,BILASPUR,बिलासपुर,07,406
121,22,CHHATTISGARH,376,1,DANTEWADA,दंतेवाड़ा,16,416
122,22,CHHATTISGARH,377,1,DHAMTARI,धमतरी,13,412
123,22,CHHATTISGARH,378,1,DURG,दुर्ग,10,409
124,22,CHHATTISGARH,645,1,GARIYABAND,गरियाबंद,,645
125,22,CHHATTISGARH,379,1,JANJGIR-CHAMPA,जांजगीर - चाम्पा,06,405
126,22,CHHATTISGARH,380,1,JASHPUR,जशपुर,03,402
127,22,CHHATTISGARH,382,1,KABIRDHAM,कबीरधाम,08,407
128,22,CHHATTISGARH,381,1,KANKER,कांकेर,14,413
129,22,CHHATTISGARH,643,1,KONDAGAON,कोंडागांव,,000
130,22,CHHATTISGARH,383,1,KORBA,कोरबा,05,404
131,22,CHHATTISGARH,384,1,KOREA,कोरिया,01,400
132,22,CHHATTISGARH,385,1,MAHASAMUND,महासमुंद,12,411
133,22,CHHATTISGARH,647,1,MUNGELI,मुंगेली,,000
134,22,CHHATTISGARH,637,1,NARAYANPUR,नारायणपुर,,415
135,22,CHHATTISGARH,386,1,RAIGARH,रायगढ़,04,403
136,22,CHHATTISGARH,387,1,RAIPUR,रायपुर,11,410
137,22,CHHATTISGARH,388,1,RAJNANDGAON,राजनंदगांव,09,408
138,22,CHHATTISGARH,642,1,SUKMA,सुकमा,,000
139,22,CHHATTISGARH,648,1,SURAJPUR,सूरजपुर,,000
140,22,CHHATTISGARH,389,1,SURGUJA,सरगुजा,02,401
141,26,DADRA AND NAGAR HAVELI,465,1,DADRA AND NAGAR HAVELI,DADRA AND NAGAR HAVELI,01,496
142,25,DAMAN AND DIU,463,1,DAMAN,DAMAN,02,495
143,25,DAMAN AND DIU,464,1,DIU,DIU,01,494
144,7,DELHI,77,1,CENTRAL,CENTRAL,06,095
145,7,DELHI,78,2,EAST,EAST,04,093
146,7,DELHI,79,1,NEW DELHI,NEW DELHI,05,094
147,7,DELHI,80,1,NORTH,NORTH,02,091
148,7,DELHI,81,2,NORTH EAST,NORTH EAST,03,092
149,7,DELHI,82,1,NORTH WEST,NORTH WEST,01,090
150,7,DELHI,671,1,SHAHDARA,SHAHDARA,,000
151,7,DELHI,83,2,SOUTH,SOUTH,09,098
152,7,DELHI,670,1,South East,SOUTH EAST,,000
153,7,DELHI,84,1,SOUTH WEST,SOUTH WEST,08,097
154,7,DELHI,85,1,WEST,WEST,07,096
155,30,GOA,551,1,NORTH GOA,NORTH GOA,01,585
156,30,GOA,552,1,SOUTH GOA,SOUTH GOA,02,586
157,24,GUJARAT,438,2,AHMADABAD,AHMADABAD,07,474
158,24,GUJARAT,439,1,AMRELI,AMRELI,13,480
159,24,GUJARAT,440,1,ANAND,ANAND,15,482
160,24,GUJARAT,672,1,ARVALLI,,,000
161,24,GUJARAT,441,1,BANAS KANTHA,BANAS KANTHA,02,469
162,24,GUJARAT,442,1,BHARUCH,BHARUCH,21,488
163,24,GUJARAT,443,2,BHAVNAGAR,BHAVNAGAR,14,481
164,24,GUJARAT,676,1,BOTAD,BOTAD,,000
165,24,GUJARAT,668,1,CHHOTAUDEPUR,CHHOTAUDEPUR,,000
166,24,GUJARAT,444,1,DANG,DANG,23,489
167,24,GUJARAT,674,1,DEVBHUMI DWARKA,DEVBHUMI DWARKA,,000
168,24,GUJARAT,445,1,DOHAD,DOHAD,18,485
169,24,GUJARAT,446,1,GANDHINAGAR,GANDHINAGAR,06,473
170,24,GUJARAT,675,1,GIR SOMNATH,GIR SOMNATH,,000
171,24,GUJARAT,447,2,JAMNAGAR,JAMNAGAR,10,477
172,24,GUJARAT,448,2,JUNAGADH,JUNAGADH,12,479
173,24,GUJARAT,449,1,KACHCHH,KACHCHH,01,468
174,24,GUJARAT,450,2,KHEDA,KHEDA,16,483
175,24,GUJARAT,451,1,MAHESANA,MAHESANA,04,471
176,24,GUJARAT,669,1,Mahisagar,મહિસાગર,,000
177,24,GUJARAT,673,1,MORBI,MORBI,,000
178,24,GUJARAT,452,1,NARMADA,NARMADA,20,487
179,24,GUJARAT,453,1,NAVSARI,NAVSARI,24,490
180,24,GUJARAT,454,2,PANCH MAHALS,PANCH MAHALS,17,484
181,24,GUJARAT,455,1,PATAN,PATAN,03,470
182,24,GUJARAT,456,1,PORBANDAR,PORBANDAR,11,478
183,24,GUJARAT,457,2,RAJKOT,RAJKOT,09,476
184,24,GUJARAT,458,2,SABAR KANTHA,SABAR KANTHA,05,472
185,24,GUJARAT,459,1,SURAT,SURAT,22,492
186,24,GUJARAT,460,2,SURENDRANAGAR,SURENDRANAGAR,08,475
187,24,GUJARAT,641,1,TAPI,,,493
188,24,GUJARAT,461,2,VADODARA,VADODARA,19,486
189,24,GUJARAT,462,1,VALSAD,VALSAD,25,491
190,6,HARYANA,58,1,AMBALA,AMBALA,02,070
191,6,HARYANA,59,2,BHIWANI,BHIWANI,13,081
192,6,HARYANA,701,1,CHARKI DADRI,CHARKI DADRI,,000
193,6,HARYANA,60,1,FARIDABAD,FARIDABAD,19,088
194,6,HARYANA,61,1,FATEHABAD,FATEHABAD,10,078
195,6,HARYANA,62,2,GURUGRAM,GURUGRAM,18,086
196,6,HARYANA,63,1,HISAR,HISAR,12,080
197,6,HARYANA,64,1,JHAJJAR,JHAJJAR,15,083
198,6,HARYANA,65,1,JIND,JIND,09,077
199,6,HARYANA,66,1,KAITHAL,KAITHAL,05,073
200,6,HARYANA,67,1,KARNAL,KARNAL,06,074
201,6,HARYANA,68,1,KURUKSHETRA,KURUKSHETRA,04,072
202,6,HARYANA,69,1,MAHENDRAGARH,MAHENDRAGARH,16,084
203,6,HARYANA,604,2,NUH,नूँह,,087
204,6,HARYANA,619,1,PALWAL,,,089
205,6,HARYANA,70,1,PANCHKULA,PANCHKULA,01,069
206,6,HARYANA,71,1,PANIPAT,PANIPAT,07,075
207,6,HARYANA,72,1,REWARI,REWARI,17,085
208,6,HARYANA,73,1,ROHTAK,ROHTAK,14,082
209,6,HARYANA,74,1,SIRSA,SIRSA,11,079
210,6,HARYANA,75,1,SONIPAT,SONIPAT,08,076
211,6,HARYANA,76,1,YAMUNANAGAR,YAMUNANAGAR,03,071
212,2,HIMACHAL PRADESH,15,3,BILASPUR,BILASPUR,08,030
213,2,HIMACHAL PRADESH,16,1,CHAMBA,CHAMBA,01,023
214,2,HIMACHAL PRADESH,17,1,HAMIRPUR,HAMIRPUR,06,028
215,2,HIMACHAL PRADESH,18,1,KANGRA,KANGRA,02,024
216,2,HIMACHAL PRADESH,19,1,KINNAUR,KINNAUR,12,034
217,2,HIMACHAL PRADESH,20,1,KULLU,KULLU,04,026
218,2,HIMACHAL PRADESH,21,1,LAHUL AND SPITI,LAHUL AND SPITI,03,025
219,2,HIMACHAL PRADESH,22,1,MANDI,MANDI,05,027
220,2,HIMACHAL PRADESH,23,1,SHIMLA,SHIMLA,11,033
221,2,HIMACHAL PRADESH,24,1,SIRMAUR,SIRMAUR,10,032
222,2,HIMACHAL PRADESH,25,1,SOLAN,SOLAN,09,031
223,2,HIMACHAL PRADESH,26,3,UNA,UNA,07,029
224,1,JAMMU AND KASHMIR,1,1,ANANTNAG,ANANTNAG,06,014
225,1,JAMMU AND KASHMIR,623,1,BANDIPORA,BANDIPORA,,009
226,1,JAMMU AND KASHMIR,3,1,BARAMULLA,BARAMULLA,02,008
227,1,JAMMU AND KASHMIR,2,2,Budgam,,04,002
228,1,JAMMU AND KASHMIR,4,1,DODA,DODA,09,016
229,1,JAMMU AND KASHMIR,626,1,GANDERBAL,GANDERBAL,,011
230,1,JAMMU AND KASHMIR,5,1,JAMMU,JAMMU,13,021
231,1,JAMMU AND KASHMIR,7,1,KATHUA,KATHUA,14,007
232,1,JAMMU AND KASHMIR,620,1,KISHTWAR,,09,018
233,1,JAMMU AND KASHMIR,622,1,KULGAM,KULGAM,,015
234,1,JAMMU AND KASHMIR,8,1,KUPWARA,KUPWARA,01,001
235,1,JAMMU AND KASHMIR,10,1,POONCH,POONCH,11,005
236,1,JAMMU AND KASHMIR,11,1,PULWAMA,PULWAMA,05,012
237,1,JAMMU AND KASHMIR,12,2,RAJOURI,RAJOURI,12,006
238,1,JAMMU AND KASHMIR,621,1,RAMBAN,RAMBAN,09,017
239,1,JAMMU AND KASHMIR,627,1,REASI,REASI,,020
240,1,JAMMU AND KASHMIR,624,1,SAMBA,SAMBA,,022
241,1,JAMMU AND KASHMIR,625,1,SHOPIAN,SHOPIAN,,013
242,1,JAMMU AND KASHMIR,13,1,SRINAGAR,SRINAGAR,03,010
243,1,JAMMU AND KASHMIR,14,1,UDHAMPUR,UDHAMPUR,10,019
244,20,JHARKHAND,322,1,BOKARO,बोकारो,13,355
245,20,JHARKHAND,323,1,CHATRA,चतरा,03,347
246,20,JHARKHAND,324,1,DEOGHAR,देवघर,07,350
247,20,JHARKHAND,325,1,DHANBAD,धनबाद,12,354
248,20,JHARKHAND,326,1,DUMKA,दुमका,11,362
249,20,JHARKHAND,327,1,EAST SINGHBUM,पूर्वी सिंघभूम,18,357
250,20,JHARKHAND,328,1,GARHWA,गढ़वा,01,346
251,20,JHARKHAND,329,1,GIRIDIH,गिरिडीह,06,349
252,20,JHARKHAND,330,1,GODDA,गोड्डा,08,351
253,20,JHARKHAND,331,1,GUMLA,गुमला,16,366
254,20,JHARKHAND,332,1,HAZARIBAGH,हज़ारीबाग,04,360
255,20,JHARKHAND,333,1,JAMTARA,जामताड़ा,20,363
256,20,JHARKHAND,606,1,KHUNTI,खूंटी,14,365
257,20,JHARKHAND,334,1,KODERMA,कोडरमा,05,348
258,20,JHARKHAND,335,1,LATEHAR,लातेहार,02,359
259,20,JHARKHAND,336,1,LOHARDAGA,लोहरदगा,15,356
260,20,JHARKHAND,337,1,PAKUR,पाकुर,10,353
261,20,JHARKHAND,338,1,PALAMU,पलामू,02,358
262,20,JHARKHAND,607,1,RAMGARH,रामगढ़,04,361
263,20,JHARKHAND,339,1,RANCHI,रांची,14,364
264,20,JHARKHAND,340,1,SAHEBGANJ,साहेबगंज,09,352
265,20,JHARKHAND,341,1,SARAIKELA KHARSAWAN,सरायकेला खरसावां,17,369
266,20,JHARKHAND,342,1,SIMDEGA,सिमडेगा,21,367
267,20,JHARKHAND,343,1,WEST SINGHBHUM,पश्चिमी सिंघभूम,17,368
268,29,KARNATAKA,524,2,BAGALKOTE,ಬಾಗಲಕೋಟೆ,02,556
269,29,KARNATAKA,528,2,BALLARI,ಬಳ್ಳಾರಿ,12,565
270,29,KARNATAKA,527,2,BELAGAVI,ಬೆಳಗಾವಿ,01,555
271,29,KARNATAKA,526,2,BENGALURU RURAL,ಬೆಂಗಳೂರು ಗ್ರಾಮಾಂತರ,21,583
272,29,KARNATAKA,525,1,BENGALURU URBAN,ಬೆಂಗಳೂರು,20,572
273,29,KARNATAKA,529,1,BIDAR,ಬೀದರ್‌,05,558
274,29,KARNATAKA,531,2,CHAMARAJANAGARA,ಚಾಮರಾಜನಗರ,27,578
275,29,KARNATAKA,630,2,CHIKKABALLAPURA,ಚಿಕ್ಕಬಳ್ಳಾಪುರ,19,582
276,29,KARNATAKA,532,2,CHIKKAMAGALURU,ಚಿಕ್ಕಮಗಳೂರು,17,570
277,29,KARNATAKA,533,1,CHITRADURGA,ಚಿತ್ರದುರ್ಗ,13,566
278,29,KARNATAKA,534,2,DAKSHINA KANNADA,ದಕ್ಷಿಣ ಕನ್ನಡ,24,575
279,29,KARNATAKA,535,1,DAVANGERE,ದಾವಣಗೆರೆ,14,567
280,29,KARNATAKA,536,1,DHARWAD,ಧಾರವಾಡ,09,562
281,29,KARNATAKA,537,1,GADAG,ಗದಗ,08,561
282,29,KARNATAKA,539,1,HASSAN,ಹಾಸನ,23,574
283,29,KARNATAKA,540,1,HAVERI,ಹಾವೇರಿ,11,564
284,29,KARNATAKA,538,2,KALABURAGI,ಕಲಬುರಗಿ,04,579
285,29,KARNATAKA,541,1,KODAGU,ಕೊಡಗು,25,576
286,29,KARNATAKA,542,1,KOLAR,ಕೋಲಾರ,19,581
287,29,KARNATAKA,543,1,KOPPAL,ಕೊಪ್ಪಳ,07,560
288,29,KARNATAKA,544,1,MANDYA,ಮಂಡ್ಯ,22,573
289,29,KARNATAKA,545,2,MYSURU,ಮೈಸೂರು,26,577
290,29,KARNATAKA,546,1,RAICHUR,ರಾಯಚೂರು,06,559
291,29,KARNATAKA,631,1,RAMANAGARA,ರಾಮನಗರ,21,584
292,29,KARNATAKA,547,2,SHIVAMOGGA,ಶಿವಮೊಗ್ಗ,15,568
293,29,KARNATAKA,548,2,TUMAKURU,ತುಮಕೂರು,18,571
294,29,KARNATAKA,549,1,UDUPI,ಉಡುಪಿ,16,569
295,29,KARNATAKA,550,2,UTTARA KANNADA,ಉತ್ತರ ಕನ್ನಡ,10,563
296,29,KARNATAKA,530,2,VIJAYAPURA,ವಿಜಯಾಪುರ,03,557
297,29,KARNATAKA,635,1,YADGIR,ಯಾದಗಿರಿ,04,580
298,32,KERALA,554,1,ALAPPUZHA,ആലപ്പുഴ,11,598
299,32,KERALA,555,1,ERNAKULAM,എറണാകുളം,08,595
300,32,KERALA,556,1,IDUKKI,ഇടുക്കി,09,596
301,32,KERALA,557,1,KANNUR,കണ്ണൂര്‍,02,589
302,32,KERALA,558,1,KASARAGOD,കാസര്‍കോഡ്,01,588
303,32,KERALA,559,1,KOLLAM,കൊല്ലം,13,600
304,32,KERALA,560,1,KOTTAYAM,കോട്ടയം,10,597
305,32,KERALA,561,1,KOZHIKODE,കോഴിക്കോട്,04,591
306,32,KERALA,562,1,MALAPPURAM,മലപ്പുറം,05,592
307,32,KERALA,563,1,PALAKKAD,പാലക്കാട്,06,593
308,32,KERALA,564,1,PATHANAMTHITTA,പത്തനംതിട്ട,12,599
309,32,KERALA,565,1,THIRUVANANTHAPURAM,തിരുവനന്തപുരം,14,601
310,32,KERALA,566,1,THRISSUR,തൃശ്ശൂര്‍,07,594
311,32,KERALA,567,1,WAYANAD,വയനാട്,03,590
312,37,LADAKH,6,2,KARGIL,KARGIL,08,004
313,37,LADAKH,9,2,LEH LADAKH,LEH LADAKH,07,003
314,31,LAKSHADWEEP,553,1,LAKSHADWEEP DISTRICT,LAKSHADWEEP DISTRICT,01,587
315,23,MADHYA PRADESH,667,1,AGAR MALWA,AGAR MALWA,,000
316,23,MADHYA PRADESH,639,1,ALIRAJPUR,ALIRAJPUR,24,465
317,23,MADHYA PRADESH,390,1,ANUPPUR,ANUPPUR,16,461
318,23,MADHYA PRADESH,391,1,ASHOKNAGAR,ASHOKNAGAR,46,459
319,23,MADHYA PRADESH,392,1,BALAGHAT,बालाघाट,45,457
320,23,MADHYA PRADESH,393,1,BARWANI,बड़वानी,28,441
321,23,MADHYA PRADESH,394,1,BETUL,BETUL,35,447
322,23,MADHYA PRADESH,395,1,BHIND,BHIND,03,420
323,23,MADHYA PRADESH,396,1,BHOPAL,BHOPAL,32,444
324,23,MADHYA PRADESH,397,1,BURHANPUR,BURHANPUR,29,467
325,23,MADHYA PRADESH,398,1,CHHATARPUR,छ्तरपुर,09,425
326,23,MADHYA PRADESH,399,1,CHHINDWARA,CHHINDWARA,43,455
327,23,MADHYA PRADESH,400,1,DAMOH,दमोह,12,428
328,23,MADHYA PRADESH,401,2,DATIA,DATIA,05,422
329,23,MADHYA PRADESH,402,1,DEWAS,DEWAS,23,437
330,23,MADHYA PRADESH,403,1,DHAR,DHAR,25,438
331,23,MADHYA PRADESH,404,1,DINDORI,DINDORI,41,453
332,23,MADHYA PRADESH,405,1,EAST NIMAR,पूर्व निमाड़ खण्डवा,29,466
333,23,MADHYA PRADESH,406,1,GUNA,GUNA,07,458
334,23,MADHYA PRADESH,407,1,GWALIOR,GWALIOR,04,421
335,23,MADHYA PRADESH,408,1,HARDA,HARDA,36,448
336,23,MADHYA PRADESH,409,1,HOSHANGABAD,HOSHANGABAD,37,449
337,23,MADHYA PRADESH,410,1,INDORE,इन्दौर,26,439
338,23,MADHYA PRADESH,411,1,JABALPUR,JABALPUR,39,451
339,23,MADHYA PRADESH,412,1,JHABUA,JHABUA,24,464
340,23,MADHYA PRADESH,413,1,KATNI,KATNI,38,450
341,23,MADHYA PRADESH,414,1,KHARGONE,खरगौन,27,440
342,23,MADHYA PRADESH,415,1,MANDLA,MANDLA,42,454
343,23,MADHYA PRADESH,416,1,MANDSAUR,MANDSAUR,19,433
344,23,MADHYA PRADESH,417,1,MORENA,MORENA,02,419
345,23,MADHYA PRADESH,418,1,NARSINGHPUR,NARSINGHPUR,40,452
346,23,MADHYA PRADESH,419,1,NEEMUCH,NEEMUCH,18,432
347,23,MADHYA PRADESH,722,1,Niwari,निवारी,,000
348,23,MADHYA PRADESH,420,1,PANNA,PANNA,10,426
349,23,MADHYA PRADESH,421,1,RAISEN,RAISEN,34,446
350,23,MADHYA PRADESH,422,1,RAJGARH,RAJGARH,30,442
351,23,MADHYA PRADESH,423,1,RATLAM,RATLAM,20,434
352,23,MADHYA PRADESH,424,1,REWA,REWA,14,430
353,23,MADHYA PRADESH,425,1,SAGAR,SAGAR,11,427
354,23,MADHYA PRADESH,426,1,SATNA,SATNA,13,429
355,23,MADHYA PRADESH,427,1,SEHORE,सीहोर,33,445
356,23,MADHYA PRADESH,428,1,SEONI,SEONI,44,456
357,23,MADHYA PRADESH,429,1,SHAHDOL,SHAHDOL,16,460
358,23,MADHYA PRADESH,430,2,SHAJAPUR,SHAJAPUR,22,436
359,23,MADHYA PRADESH,431,1,SHEOPUR,SHEOPUR,01,418
360,23,MADHYA PRADESH,432,2,SHIVPURI,SHIVPURI,06,423
361,23,MADHYA PRADESH,433,1,SIDHI,SIDHI,17,462
362,23,MADHYA PRADESH,638,1,SINGRAULI,SINGRAULI,,463
363,23,MADHYA PRADESH,434,2,TIKAMGARH,TIKAMGARH,08,424
364,23,MADHYA PRADESH,435,1,UJJAIN,UJJAIN,21,435
365,23,MADHYA PRADESH,436,1,UMARIA,उमरिया,15,431
366,23,MADHYA PRADESH,437,1,VIDISHA,VIDISHA,31,443
367,27,MAHARASHTRA,466,1,AHMEDNAGAR,अहमदनगर,26,522
368,27,MAHARASHTRA,467,1,AKOLA,अकोला,05,501
369,27,MAHARASHTRA,468,1,AMRAVATI,अमरावती,07,503
370,27,MAHARASHTRA,469,1,AURANGABAD,औरंगाबाद,19,515
371,27,MAHARASHTRA,470,1,BEED,बीड,27,523
372,27,MAHARASHTRA,471,1,BHANDARA,भंडारा,10,506
373,27,MAHARASHTRA,472,1,BULDHANA,बुलढाणा,04,500
374,27,MAHARASHTRA,473,1,CHANDRAPUR,चंद्रपूर,13,509
375,27,MAHARASHTRA,474,1,DHULE,धुळे,02,498
376,27,MAHARASHTRA,475,1,GADCHIROLI,गडचिरोली,12,508
377,27,MAHARASHTRA,476,1,GONDIA,गोंदीया,11,507
378,27,MAHARASHTRA,477,1,HINGOLI,हिंगोली,16,512
379,27,MAHARASHTRA,478,2,JALGAON,जळगाव,03,499
380,27,MAHARASHTRA,479,1,JALNA,जालना,18,514
381,27,MAHARASHTRA,480,1,KOLHAPUR,कोल्हापूर,34,530
382,27,MAHARASHTRA,481,1,LATUR,लातूर,28,524
383,27,MAHARASHTRA,482,1,MUMBAI,मुंबई,23,519
384,27,MAHARASHTRA,483,1,MUMBAI SUBURBAN,मुंबई उपनगर,22,518
385,27,MAHARASHTRA,484,1,NAGPUR,नागपूर,09,505
386,27,MAHARASHTRA,485,1,NANDED,नांदेड,15,511
387,27,MAHARASHTRA,486,1,NANDURBAR,नंदूरबार,01,497
388,27,MAHARASHTRA,487,1,NASHIK,नाशिक,20,516
389,27,MAHARASHTRA,488,1,OSMANABAD,उस्मानाबाद,29,525
390,27,MAHARASHTRA,665,1,PALGHAR,पालघर,,000
391,27,MAHARASHTRA,489,1,PARBHANI,परभणी,17,513
392,27,MAHARASHTRA,490,1,PUNE,पुणे,25,521
393,27,MAHARASHTRA,491,1,RAIGAD,रायगड,24,520
394,27,MAHARASHTRA,492,1,RATNAGIRI,रत्नागिरी,32,528
395,27,MAHARASHTRA,493,1,SANGLI,सांगली,35,531
396,27,MAHARASHTRA,494,1,SATARA,सातारा,31,527
397,27,MAHARASHTRA,495,1,SINDHUDURG,सिंधुदुर्ग,33,529
398,27,MAHARASHTRA,496,1,SOLAPUR,सोलापूर,30,526
399,27,MAHARASHTRA,497,2,THANE,ठाणे,21,517
400,27,MAHARASHTRA,498,1,WARDHA,वर्धा,08,504
401,27,MAHARASHTRA,499,1,WASHIM,वाशिम,06,502
402,27,MAHARASHTRA,500,1,YAVATMAL,यवतमाळ,14,510
403,14,MANIPUR,252,1,BISHNUPUR,BISHNUPUR,04,275
404,14,MANIPUR,253,2,CHANDEL,CHANDEL,09,280
405,14,MANIPUR,254,2,CHURACHANDPUR,CHURACHANDPUR,03,274
406,14,MANIPUR,255,2,IMPHAL EAST,IMPHAL EAST,07,278
407,14,MANIPUR,256,1,IMPHAL WEST,IMPHAL WEST,06,277
408,14,MANIPUR,713,1,JIRIBAM,,,000
409,14,MANIPUR,711,1,KAKCHING,,,000
410,14,MANIPUR,717,1,KAMJONG,,,000
411,14,MANIPUR,712,1,KANGPOKPI,,,000
412,14,MANIPUR,714,1,NONEY,NONEY,,000
413,14,MANIPUR,715,1,PHERZAWL,,,000
414,14,MANIPUR,257,2,SENAPATI,SENAPATI,01,272
415,14,MANIPUR,258,2,TAMENGLONG,TAMENGLONG,02,273
416,14,MANIPUR,716,1,TENGNOUPAL,TENGNOUPAL,,000
417,14,MANIPUR,259,2,THOUBAL,THOUBAL,05,276
418,14,MANIPUR,260,2,UKHRUL,UKHRUL,08,279
419,17,MEGHALAYA,273,2,EAST GARO HILLS,EAST GARO HILLS,02,294
420,17,MEGHALAYA,657,1,EAST JAINTIA HILLS,EAST JAINTIA HILLS,,000
421,17,MEGHALAYA,274,1,EAST KHASI HILLS,EAST KHASI HILLS,06,298
422,17,MEGHALAYA,656,1,NORTH GARO HILLS,NORTH GARO HILLS,,000
423,17,MEGHALAYA,276,1,RI BHOI,RI BHOI,05,297
424,17,MEGHALAYA,277,1,SOUTH GARO HILLS,SOUTH GARO HILLS,03,295
425,17,MEGHALAYA,663,1,SOUTH WEST GARO HILLS,SOUTH WEST GARO HILLS,,000
426,17,MEGHALAYA,658,1,SOUTH WEST KHASI HILLS,SOUTH WEST KHASI HILLS,,000
427,17,MEGHALAYA,278,2,WEST GARO HILLS,WEST GARO HILLS,01,293
428,17,MEGHALAYA,275,3,WEST JAINTIA HILLS,WEST JAINTIA HILLS,07,299
429,17,MEGHALAYA,279,2,WEST KHASI HILLS,WEST KHASI HILLS,04,296
430,15,MIZORAM,261,4,AIZAWL,AIZAWL,03,283
431,15,MIZORAM,262,3,CHAMPHAI,CHAMPHAI,04,284
432,15,MIZORAM,726,1,Hnahthial,,,000
433,15,MIZORAM,728,1,KHAWZAWL,KHAWZAWL,,000
434,15,MIZORAM,263,1,KOLASIB,KOLASIB,02,282
435,15,MIZORAM,264,1,LAWNGTLAI,LAWNGTLAI,07,287
436,15,MIZORAM,265,3,LUNGLEI,LUNGLEI,06,286
437,15,MIZORAM,266,1,MAMIT,MAMIT,01,281
438,15,MIZORAM,267,1,SAIHA,SAIHA,08,288
439,15,MIZORAM,727,4,SAITUAL,SAITUAL,,000
440,15,MIZORAM,268,2,SERCHHIP,SERCHHIP,05,285
441,13,NAGALAND,244,1,DIMAPUR,DIMAPUR,06,265
442,13,NAGALAND,614,1,KIPHIRE,,02,269
443,13,NAGALAND,245,1,KOHIMA,KOHIMA,07,270
444,13,NAGALAND,615,1,LONGLENG,,02,268
445,13,NAGALAND,246,1,MOKOKCHUNG,MOKOKCHUNG,03,262
446,13,NAGALAND,247,1,MON,MON,01,261
447,13,NAGALAND,613,1,PEREN,,07,271
448,13,NAGALAND,248,1,PHEK,PHEK,08,266
449,13,NAGALAND,249,1,TUENSANG,TUENSANG,02,267
450,13,NAGALAND,250,1,WOKHA,WOKHA,05,264
451,13,NAGALAND,251,1,ZUNHEBOTO,ZUNHEBOTO,04,263
452,21,ODISHA,344,1,ANUGUL,ANUGUL,15,384
453,21,ODISHA,345,1,BALANGIR,BALANGIR,24,393
454,21,ODISHA,346,1,BALESHWAR,BALESHWAR,08,377
455,21,ODISHA,347,1,BARGARH,BARGARH,01,370
456,21,ODISHA,348,1,BHADRAK,BHADRAK,09,378
457,21,ODISHA,349,1,BOUDH,BOUDH,22,391
458,21,ODISHA,350,1,CUTTACK,CUTTACK,12,381
459,21,ODISHA,351,1,DEOGARH,DEOGARH,04,373
460,21,ODISHA,352,1,DHENKANAL,DHENKANAL,14,383
461,21,ODISHA,353,1,GAJAPATI,GAJAPATI,20,389
462,21,ODISHA,354,1,GANJAM,GANJAM,19,388
463,21,ODISHA,355,1,JAGATSINGHAPUR,JAGATSINGHAPUR,11,380
464,21,ODISHA,356,1,JAJAPUR,JAJAPUR,13,382
465,21,ODISHA,357,1,JHARSUGUDA,JHARSUGUDA,02,371
466,21,ODISHA,358,1,KALAHANDI,KALAHANDI,26,395
467,21,ODISHA,359,1,KANDHAMAL,KANDHAMAL,21,390
468,21,ODISHA,360,1,KENDRAPARA,KENDRAPARA,10,379
469,21,ODISHA,361,1,KENDUJHAR,KENDUJHAR,06,375
470,21,ODISHA,362,1,KHORDHA,KHORDHA,17,386
471,21,ODISHA,363,1,KORAPUT,KORAPUT,29,398
472,21,ODISHA,364,1,MALKANGIRI,MALKANGIRI,30,399
473,21,ODISHA,365,1,MAYURBHANJ,MAYURBHANJ,07,376
474,21,ODISHA,366,1,NABARANGPUR,NABARANGPUR,28,397
475,21,ODISHA,367,1,NAYAGARH,NAYAGARH,16,385
476,21,ODISHA,368,1,NUAPADA,NUAPADA,25,394
477,21,ODISHA,369,1,PURI,PURI,18,387
478,21,ODISHA,370,1,RAYAGADA,RAYAGADA,27,396
479,21,ODISHA,371,1,SAMBALPUR,SAMBALPUR,03,372
480,21,ODISHA,372,1,SONEPUR,SONEPUR,23,392
481,21,ODISHA,373,1,SUNDARGARH,SUNDARGARH,05,374
482,34,PUDUCHERRY,598,1,KARAIKAL,KARAIKAL,04,637
483,34,PUDUCHERRY,599,1,MAHE,MAHE,03,636
484,34,PUDUCHERRY,600,1,PONDICHERRY,PONDICHERRY,02,635
485,34,PUDUCHERRY,601,1,YANAM,YANAM,01,634
486,3,PUNJAB,27,1,AMRITSAR,AMRITSAR,02,049
487,3,PUNJAB,605,1,BARNALA,,,054
488,3,PUNJAB,28,1,BATHINDA,BATHINDA,14,046
489,3,PUNJAB,29,1,FARIDKOT,FARIDKOT,13,045
490,3,PUNJAB,30,1,FATEHGARH SAHIB,FATEHGARH SAHIB,08,040
491,3,PUNJAB,651,6,FAZILKA,,,000
492,3,PUNJAB,31,6,FIROZEPUR,FIROZEPUR,11,043
493,3,PUNJAB,32,3,GURDASPUR,GURDASPUR,01,035
494,3,PUNJAB,33,2,HOSHIARPUR,HOSHIARPUR,05,038
495,3,PUNJAB,34,1,JALANDHAR,JALANDHAR,04,037
496,3,PUNJAB,35,1,KAPURTHALA,KAPURTHALA,03,036
497,3,PUNJAB,36,3,LUDHIANA,ਲੂਿਧਆਣਾ,09,041
498,3,PUNJAB,37,2,MANSA,ਮਾਨਸਾ,15,047
499,3,PUNJAB,38,1,MOGA,MOGA,10,042
500,3,PUNJAB,662,1,PATHANKOT,PATHANKOT,,000
501,3,PUNJAB,41,7,PATIALA,PATIALA,17,048
502,3,PUNJAB,42,1,RUPNAGAR,ਰੂਪਨਗਰ,07,051
503,3,PUNJAB,43,1,SANGRUR,SANGRUR,16,053
504,3,PUNJAB,608,7,S.A.S Nagar,,,052
505,3,PUNJAB,40,2,Shahid Bhagat Singh Nagar,Shahid Bhagat Singh Nagar,06,039
506,3,PUNJAB,39,2,SRI MUKTSAR SAHIB,ਸ੍ਰੀ ਮੁਕਤਸਰ ਸਾਹਿਬ,12,044
507,3,PUNJAB,609,2,Tarn Taran,tarn taran,,050
508,8,RAJASTHAN,86,1,AJMER,AJMER,21,119
509,8,RAJASTHAN,87,1,ALWAR,ALWAR,06,104
510,8,RAJASTHAN,88,1,BANSWARA,BANSWARA,28,125
511,8,RAJASTHAN,89,1,BARAN,BARAN,31,128
512,8,RAJASTHAN,90,1,BARMER,BARMER,17,115
513,8,RAJASTHAN,91,1,BHARATPUR,BHARATPUR,07,105
514,8,RAJASTHAN,92,1,BHILWARA,BHILWARA,24,122
515,8,RAJASTHAN,93,1,BIKANER,BIKANER,03,101
516,8,RAJASTHAN,94,1,BUNDI,BUNDI,23,121
517,8,RAJASTHAN,95,1,CHITTORGARH,CHITTORGARH,29,126
518,8,RAJASTHAN,96,1,CHURU,CHURU,04,102
519,8,RAJASTHAN,97,1,DAUSA,DAUSA,11,109
520,8,RAJASTHAN,98,1,DHOLPUR,DHOLPUR,08,106
521,8,RAJASTHAN,99,1,DUNGARPUR,DUNGARPUR,27,124
522,8,RAJASTHAN,100,1,GANGANAGAR,GANGANAGAR,01,099
523,8,RAJASTHAN,101,1,HANUMANGARH,HANUMANGARH,02,100
524,8,RAJASTHAN,102,2,JAIPUR,JAIPUR,12,110
525,8,RAJASTHAN,103,1,JAISALMER,JAISALMER,16,114
526,8,RAJASTHAN,104,1,JALORE,JALORE,18,116
527,8,RAJASTHAN,105,1,JHALAWAR,JHALAWAR,32,129
528,8,RAJASTHAN,106,1,JHUNJHUNU,JHUNJHUNU,05,103
529,8,RAJASTHAN,107,1,JODHPUR,JODHPUR,15,113
530,8,RAJASTHAN,108,1,KARAULI,KARAULI,09,107
531,8,RAJASTHAN,109,1,KOTA,KOTA,30,127
532,8,RAJASTHAN,110,2,NAGAUR,NAGAUR,14,112
533,8,RAJASTHAN,111,1,PALI,PALI,20,118
534,8,RAJASTHAN,629,1,PRATAPGARH,PRATAPGARH,,131
535,8,RAJASTHAN,112,3,RAJSAMAND,RAJSAMAND,25,123
536,8,RAJASTHAN,113,1,SAWAI MADHOPUR,SAWAI MADHOPUR,10,108
537,8,RAJASTHAN,114,1,SIKAR,SIKAR,13,111
538,8,RAJASTHAN,115,1,SIROHI,SIROHI,19,117
539,8,RAJASTHAN,116,1,TONK,TONK,22,120
540,8,RAJASTHAN,117,3,UDAIPUR,UDAIPUR,26,130
541,11,SIKKIM,225,1,EAST DISTRICT,EAST DISTRICT,04,244
542,11,SIKKIM,226,1,NORTH DISTRICT,NORTH DISTRICT,01,241
543,11,SIKKIM,227,1,SOUTH DISTRICT,SOUTH DISTRICT,03,243
544,11,SIKKIM,228,1,WEST DISTRICT,WEST DISTRICT,02,242
545,33,TAMIL NADU,610,1,Ariyalur,அரியலூர்,17,616
546,33,TAMIL NADU,730,1,CHENGALPATTU,செங்கல்பட்டு,,000
547,33,TAMIL NADU,568,1,CHENNAI,CHENNAI,02,603
548,33,TAMIL NADU,569,1,COIMBATORE,COIMBATORE,12,632
549,33,TAMIL NADU,570,1,CUDDALORE,CUDDALORE,18,617
550,33,TAMIL NADU,571,1,DHARMAPURI,DHARMAPURI,05,630
551,33,TAMIL NADU,572,1,DINDIGUL,DINDIGUL,13,612
552,33,TAMIL NADU,573,1,ERODE,ERODE,10,610
553,33,TAMIL NADU,729,1,KALLAKURICHI,கள்ளக்குறிச்சி,,000
554,33,TAMIL NADU,574,2,KANCHIPURAM,KANCHIPURAM,03,604
555,33,TAMIL NADU,575,1,KANNIYAKUMARI,KANNIYAKUMARI,30,629
556,33,TAMIL NADU,576,1,KARUR,KARUR,14,613
557,33,TAMIL NADU,577,1,KRISHNAGIRI,KRISHNAGIRI,05,631
558,33,TAMIL NADU,578,1,MADURAI,MADURAI,24,623
559,33,TAMIL NADU,579,1,NAGAPATTINAM,NAGAPATTINAM,19,618
560,33,TAMIL NADU,580,1,NAMAKKAL,NAMAKKAL,09,609
561,33,TAMIL NADU,581,1,PERAMBALUR,PERAMBALUR,16,615
562,33,TAMIL NADU,582,1,PUDUKKOTTAI,PUDUKKOTTAI,22,621
563,33,TAMIL NADU,583,1,RAMANATHAPURAM,RAMANATHAPURAM,27,626
564,33,TAMIL NADU,731,1,Ranipet,ராணிப்பேட்டை,,000
565,33,TAMIL NADU,584,1,SALEM,SALEM,08,608
566,33,TAMIL NADU,585,1,SIVAGANGA,SIVAGANGA,23,622
567,33,TAMIL NADU,733,1,TENKASI,தென்காசி,,000
568,33,TAMIL NADU,586,1,THANJAVUR,THANJAVUR,21,620
569,33,TAMIL NADU,588,1,THENI,THENI,25,624
570,33,TAMIL NADU,587,1,THE NILGIRIS,THE NILGIRIS,11,611
571,33,TAMIL NADU,589,1,THIRUVALLUR,THIRUVALLUR,01,602
572,33,TAMIL NADU,590,1,THIRUVARUR,THIRUVARUR,20,619
573,33,TAMIL NADU,591,1,TIRUCHIRAPPALLI,TIRUCHIRAPPALLI,15,614
574,33,TAMIL NADU,592,2,TIRUNELVELI,TIRUNELVELI,29,628
575,33,TAMIL NADU,732,1,Tirupathur,திருப்பத்தூர்,,000
576,33,TAMIL NADU,634,1,TIRUPPUR,TIRUPPUR,,633
577,33,TAMIL NADU,593,1,TIRUVANNAMALAI,TIRUVANNAMALAI,06,606
578,33,TAMIL NADU,594,1,TUTICORIN,TUTICORIN,28,627
579,33,TAMIL NADU,595,3,VELLORE,VELLORE,04,605
580,33,TAMIL NADU,596,2,VILLUPURAM,VILLUPURAM,07,607
581,33,TAMIL NADU,597,1,VIRUDHUNAGAR,VIRUDHUNAGAR,26,625
582,36,TELANGANA,501,5,ADILABAD,ఆదిలాబాద్,01,532
583,36,TELANGANA,690,2,BHADRADRI KOTHAGUDEM,భద్రాద్రి కొత్తగూడెం,,000
584,36,TELANGANA,507,2,HYDERABAD,హైదరాబాద్,05,536
585,36,TELANGANA,681,1,Jagitial,జగిత్యాల,,000
586,36,TELANGANA,689,1,JANGOAN,జనగాం,,000
587,36,TELANGANA,687,3,JAYASHANKAR BHUPALAPALLY,జయశంకర్ భూపాలపల్లి,,000
588,36,TELANGANA,695,2,JOGULAMBA GADWAL,జోగులాంబ గద్వాల,,000
589,36,TELANGANA,685,1,KAMAREDDY,కామారెడ్డి,,000
590,36,TELANGANA,508,9,KARIMNAGAR,కరీంనగర్,03,534
591,36,TELANGANA,509,5,KHAMMAM,ఖమ్మం,10,541
592,36,TELANGANA,699,2,KUMURAM BHEEM ASIFABAD,కుమురం భీమ్ ఆసిఫాబాద్,,000
593,36,TELANGANA,688,1,MAHABUBABAD,మహబుబాబాద్,,000
594,36,TELANGANA,512,8,MAHABUBNAGAR,మహబూబ్ నగర్,07,538
595,36,TELANGANA,684,1,MANCHERIAL,మంచిర్యాల్,,000
596,36,TELANGANA,513,4,MEDAK,మెదక్,04,535
597,36,TELANGANA,700,2,MEDCHAL MALKAJGIRI,మేడ్చల్ మల్కాజిగిరి,,000
598,36,TELANGANA,720,1,Mulugu,,,000
599,36,TELANGANA,694,1,NAGARKURNOOL,నాగర్ కర్నూల్,,000
600,36,TELANGANA,514,5,NALGONDA,నల్గొండ,08,539
601,36,TELANGANA,721,1,Narayanpet,,,000
602,36,TELANGANA,680,1,Nirmal,నిర్మల్,,000
603,36,TELANGANA,516,3,NIZAMABAD,నిజామాబాదు,02,533
604,36,TELANGANA,682,1,PEDDAPALLI,పెద్దపల్లి,,000
605,36,TELANGANA,683,3,RAJANNA SIRCILLA,రాజన్న సిరిసిల్ల,,000
606,36,TELANGANA,518,5,RANGA REDDY,రంగా రెడ్డి,06,537
607,36,TELANGANA,691,1,SANGAREDDY,సంగారెడ్డి,,000
608,36,TELANGANA,692,3,SIDDIPET,సిద్దిపేట,,000
609,36,TELANGANA,696,1,SURYAPET,సూర్యాపేట,,000
610,36,TELANGANA,698,1,VIKARABAD,వికారాబాద్,,000
611,36,TELANGANA,693,1,WANAPARTHY,వనపర్తి,,000
612,36,TELANGANA,522,8,WARANGAL RURAL,వరంగల్ రూరల్,09,540
613,36,TELANGANA,686,1,WARANGAL URBAN,వరంగల్ అర్బన్,,000
614,36,TELANGANA,697,2,YADADRI BHUVANAGIRI,యదాద్రి భువనగిరి,,000
615,16,TRIPURA,269,1,Dhalai,ধলাই,03,291
616,16,TRIPURA,654,1,Gomati,গোমতি,,000
617,16,TRIPURA,652,1,Khowai,খোয়াই,,000
618,16,TRIPURA,270,1,North Tripura,উত্তর ত্রিপুরা,04,292
619,16,TRIPURA,653,1,Sepahijala,সিপাহিজলা,,000
620,16,TRIPURA,271,1,South Tripura,দক্ষিন ত্রিপুরা,02,290
621,16,TRIPURA,655,1,Unakoti,ঊনকোটি,,000
622,16,TRIPURA,272,1,West Tripura,পশ্চিম ত্রিপুরা,01,289
623,5,UTTARAKHAND,45,1,ALMORA,ALMORA,09,064
624,5,UTTARAKHAND,46,1,BAGESHWAR,BAGESHWAR,08,063
625,5,UTTARAKHAND,47,2,CHAMOLI,CHAMOLI,02,057
626,5,UTTARAKHAND,48,3,CHAMPAWAT,CHAMPAWAT,10,065
627,5,UTTARAKHAND,49,1,DEHRADUN,DEHRADUN,05,060
628,5,UTTARAKHAND,50,1,HARIDWAR,HARIDWAR,13,068
629,5,UTTARAKHAND,51,1,NAINITAL,NAINITAL,11,066
630,5,UTTARAKHAND,52,1,PAURI GARHWAL,PAURI GARHWAL,06,061
631,5,UTTARAKHAND,53,3,PITHORAGARH,PITHORAGARH,07,062
632,5,UTTARAKHAND,54,2,RUDRA PRAYAG,RUDRA PRAYAG,03,058
633,5,UTTARAKHAND,55,3,TEHRI GARHWAL,TEHRI GARHWAL,04,059
634,5,UTTARAKHAND,56,2,UDAM SINGH NAGAR,UDAM SINGH NAGAR,12,067
635,5,UTTARAKHAND,57,2,UTTAR KASHI,UTTAR KASHI,01,056
636,9,UTTAR PRADESH,118,1,AGRA,AGRA,15,146
637,9,UTTAR PRADESH,119,1,ALIGARH,ALIGARH,12,143
638,9,UTTAR PRADESH,121,1,AMBEDKAR NAGAR,AMBEDKAR NAGAR,48,178
639,9,UTTAR PRADESH,640,2,Amethi,Amethi,,000
640,9,UTTAR PRADESH,154,2,AMROHA,AMROHA,06,137
641,9,UTTAR PRADESH,122,1,AURAIYA,AURAIYA,32,162
642,9,UTTAR PRADESH,140,2,AYODHYA,AYODHYA,47,177
643,9,UTTAR PRADESH,123,1,AZAMGARH,AZAMGARH,61,191
644,9,UTTAR PRADESH,124,1,BAGHPAT,BAGHPAT,08,139
645,9,UTTAR PRADESH,125,1,BAHRAICH,BAHRAICH,50,180
646,9,UTTAR PRADESH,126,1,BALLIA,BALLIA,63,193
647,9,UTTAR PRADESH,127,1,BALRAMPUR,BALRAMPUR,52,182
648,9,UTTAR PRADESH,128,1,BANDA,BANDA,40,170
649,9,UTTAR PRADESH,129,1,BARABANKI,BARABANKI,46,176
650,9,UTTAR PRADESH,130,1,BAREILLY,BAREILLY,20,150
651,9,UTTAR PRADESH,131,1,BASTI,BASTI,55,185
652,9,UTTAR PRADESH,179,2,BHADOHI,BHADOHI,68,198
653,9,UTTAR PRADESH,132,1,BIJNOR,BIJNOR,03,134
654,9,UTTAR PRADESH,133,2,BUDAUN,BUDAUN,19,149
655,9,UTTAR PRADESH,134,1,BULANDSHAHR,BULANDSHAHR,11,142
656,9,UTTAR PRADESH,135,1,CHANDAULI,CHANDAULI,66,196
657,9,UTTAR PRADESH,136,1,CHITRAKOOT,CHITRAKOOT,41,171
658,9,UTTAR PRADESH,137,1,DEORIA,DEORIA,60,190
659,9,UTTAR PRADESH,138,1,ETAH,ETAH,17,201
660,9,UTTAR PRADESH,139,1,ETAWAH,ETAWAH,31,161
661,9,UTTAR PRADESH,141,1,FARRUKHABAD,FARRUKHABAD,29,159
662,9,UTTAR PRADESH,142,1,FATEHPUR,FATEHPUR,42,172
663,9,UTTAR PRADESH,143,1,FIROZABAD,FIROZABAD,16,147
664,9,UTTAR PRADESH,144,1,GAUTAM BUDDHA NAGAR,GAUTAM BUDDHA NAGAR,10,141
665,9,UTTAR PRADESH,145,2,GHAZIABAD,GHAZIABAD,09,140
666,9,UTTAR PRADESH,146,1,GHAZIPUR,GHAZIPUR,65,195
667,9,UTTAR PRADESH,147,1,GONDA,GONDA,53,183
668,9,UTTAR PRADESH,148,1,GORAKHPUR,GORAKHPUR,58,188
669,9,UTTAR PRADESH,149,1,HAMIRPUR,HAMIRPUR,38,168
670,9,UTTAR PRADESH,661,2,HAPUR,HAPUR,,000
671,9,UTTAR PRADESH,150,1,HARDOI,HARDOI,25,155
672,9,UTTAR PRADESH,163,2,HATHRAS,HATHRAS,13,144
673,9,UTTAR PRADESH,151,1,JALAUN,JALAUN,35,165
674,9,UTTAR PRADESH,152,1,JAUNPUR,JAUNPUR,64,194
675,9,UTTAR PRADESH,153,1,JHANSI,JHANSI,36,166
676,9,UTTAR PRADESH,155,1,KANNAUJ,KANNAUJ,30,160
677,9,UTTAR PRADESH,156,1,KANPUR DEHAT,KANPUR DEHAT,33,163
678,9,UTTAR PRADESH,157,1,KANPUR NAGAR,KANPUR NAGAR,34,164
679,9,UTTAR PRADESH,633,2,Kasganj,Kasganj,,202
680,9,UTTAR PRADESH,158,1,KAUSHAMBI,KAUSHAMBI,44,174
681,9,UTTAR PRADESH,159,1,KHERI,KHERI,23,153
682,9,UTTAR PRADESH,160,1,KUSHI NAGAR,KUSHI NAGAR,59,189
683,9,UTTAR PRADESH,161,1,LALITPUR,LALITPUR,37,167
684,9,UTTAR PRADESH,162,1,LUCKNOW,LUCKNOW,27,157
685,9,UTTAR PRADESH,164,1,MAHARAJGANJ,MAHARAJGANJ,57,187
686,9,UTTAR PRADESH,165,1,MAHOBA,MAHOBA,39,169
687,9,UTTAR PRADESH,166,1,MAINPURI,MAINPURI,18,148
688,9,UTTAR PRADESH,167,1,MATHURA,MATHURA,14,145
689,9,UTTAR PRADESH,168,1,MAU,MAU,62,192
690,9,UTTAR PRADESH,169,1,MEERUT,MEERUT,07,138
691,9,UTTAR PRADESH,170,1,MIRZAPUR,मिर्ज़ापुर,69,199
692,9,UTTAR PRADESH,171,2,MORADABAD,MORADABAD,04,135
693,9,UTTAR PRADESH,172,2,MUZAFFARNAGAR,MUZAFFARNAGAR,02,133
694,9,UTTAR PRADESH,173,1,PILIBHIT,PILIBHIT,21,151
695,9,UTTAR PRADESH,174,1,PRATAPGARH,PRATAPGARH,43,173
696,9,UTTAR PRADESH,120,2,PRAYAGRAJ,PRAYAGRAJ,45,175
697,9,UTTAR PRADESH,175,1,RAE BARELI,RAE BARELI,28,158
698,9,UTTAR PRADESH,176,1,RAMPUR,RAMPUR,05,136
699,9,UTTAR PRADESH,177,1,SAHARANPUR,SAHARANPUR,01,132
700,9,UTTAR PRADESH,659,2,SAMBHAL,SAMBHAL,,000
701,9,UTTAR PRADESH,178,1,SANT KABEER NAGAR,SANT KABEER NAGAR,56,186
702,9,UTTAR PRADESH,180,1,SHAHJAHANPUR,SHAHJAHANPUR,22,152
703,9,UTTAR PRADESH,660,2,SHAMLI,SHAMLI,,000
704,9,UTTAR PRADESH,181,1,SHRAVASTI,SHRAVASTI,51,181
705,9,UTTAR PRADESH,182,1,SIDDHARTH NAGAR,SIDDHARTH NAGAR,54,184
706,9,UTTAR PRADESH,183,1,SITAPUR,SITAPUR,24,154
707,9,UTTAR PRADESH,184,1,SONBHADRA,SONBHADRA,70,200
708,9,UTTAR PRADESH,185,1,SULTANPUR,SULTANPUR,49,179
709,9,UTTAR PRADESH,186,1,UNNAO,UNNAO,26,156
710,9,UTTAR PRADESH,187,1,VARANASI,VARANASI,67,197
711,19,WEST BENGAL,303,1,24 PARAGANAS NORTH,24 PARAGANAS NORTH,11,337
712,19,WEST BENGAL,304,1,24 PARAGANAS SOUTH,24 PARAGANAS SOUTH,18,343
713,19,WEST BENGAL,664,1,Alipurduar,,,000
714,19,WEST BENGAL,305,1,BANKURA,BANKURA,13,339
715,19,WEST BENGAL,307,1,BIRBHUM,BIRBHUM,08,334
716,19,WEST BENGAL,308,1,COOCHBEHAR,COOCHBEHAR,03,329
717,19,WEST BENGAL,309,2,DARJEELING,DARJEELING,01,327
718,19,WEST BENGAL,310,1,DINAJPUR DAKSHIN,DINAJPUR DAKSHIN,05,331
719,19,WEST BENGAL,311,1,DINAJPUR UTTAR,DINAJPUR UTTAR,04,330
720,19,WEST BENGAL,312,2,HOOGHLY,HOOGHLY,12,338
721,19,WEST BENGAL,313,1,HOWRAH,HOWRAH,16,341
722,19,WEST BENGAL,314,2,JALPAIGURI,JALPAIGURI,02,328
723,19,WEST BENGAL,703,2,Jhargram,Jhargram,,000
724,19,WEST BENGAL,702,1,KALIMPONG,KALIMPONG,,000
725,19,WEST BENGAL,315,1,KOLKATA,KOLKATA,17,342
726,19,WEST BENGAL,316,1,MALDAH,MALDAH,06,332
727,19,WEST BENGAL,317,1,MEDINIPUR EAST,MEDINIPUR EAST,15,345
728,19,WEST BENGAL,318,2,MEDINIPUR WEST,MEDINIPUR WEST,15,344
729,19,WEST BENGAL,319,1,MURSHIDABAD,MURSHIDABAD,07,333
730,19,WEST BENGAL,320,2,NADIA,NADIA,10,336
731,19,WEST BENGAL,704,1,PASCHIM BARDHAMAN,PASCHIM BARDHAMAN,,000
732,19,WEST BENGAL,306,3,PURBA BARDHAMAN,PURBA BARDHAMAN,09,335
733,19,WEST BENGAL,321,1,PURULIA,PURULIA,14,340
